{"cameraMode":{"drawMode":0,"name":"Shaded","section":"Shading Mode"},"sceneLighting":false,"audioPlay":false,"sceneViewState":{"m_AlwaysRefresh":false,"showFog":true,"showSkybox":false,"showFlares":true,"showImageEffects":true,"showParticleSystems":true,"showVisualEffectGraphs":true,"m_FxEnabled":true},"in2DMode":false,"pivot":{"x":-0.12338043004274368,"y":0.2752160131931305,"z":0.07338520139455795},"rotation":{"x":-0.021202966570854188,"y":0.9786915183067322,"z":-0.15933498740196229,"w":-0.1298307180404663},"size":0.6927099823951721,"orthographic":false}