{"cameraMode":{"drawMode":0,"name":"Shaded","section":"Shading Mode"},"sceneLighting":false,"audioPlay":false,"sceneViewState":{"m_AlwaysRefresh":false,"showFog":true,"showSkybox":false,"showFlares":true,"showImageEffects":true,"showParticleSystems":true,"showVisualEffectGraphs":true,"m_FxEnabled":true},"in2DMode":false,"pivot":{"x":-0.019609928131103517,"y":0.8462333679199219,"z":0.039598628878593448},"rotation":{"x":0.2159023880958557,"y":-0.5822991132736206,"z":0.16355295479297639,"w":0.7669280767440796},"size":1.7509580850601197,"orthographic":false}