{"cameraMode":{"drawMode":0,"name":"Shaded","section":"Shading Mode"},"sceneLighting":false,"audioPlay":false,"sceneViewState":{"m_AlwaysRefresh":false,"showFog":true,"showSkybox":false,"showFlares":true,"showImageEffects":true,"showParticleSystems":true,"showVisualEffectGraphs":true,"m_FxEnabled":true},"in2DMode":false,"pivot":{"x":0.46698808670043948,"y":0.45482903718948367,"z":0.8377798795700073},"rotation":{"x":-0.02200816199183464,"y":-0.9537473320960999,"z":0.07540962845087052,"w":-0.2914924919605255},"size":1.3112905025482178,"orthographic":false}