{"cameraMode":{"drawMode":0,"name":"Shaded","section":"Shading Mode"},"sceneLighting":false,"audioPlay":false,"sceneViewState":{"m_AlwaysRefresh":false,"showFog":true,"showSkybox":false,"showFlares":true,"showImageEffects":true,"showParticleSystems":true,"showVisualEffectGraphs":true,"m_FxEnabled":true},"in2DMode":false,"pivot":{"x":-15.029505729675293,"y":-12.761787414550782,"z":-3.546708106994629},"rotation":{"x":0.014591061510145665,"y":-0.9772770404815674,"z":0.19912056624889375,"w":0.0716479942202568},"size":1.3973013162612916,"orthographic":false}