{"cameraMode":{"drawMode":0,"name":"Shaded","section":"Shading Mode"},"sceneLighting":false,"audioPlay":false,"sceneViewState":{"m_AlwaysRefresh":false,"showFog":true,"showSkybox":false,"showFlares":true,"showImageEffects":true,"showParticleSystems":true,"showVisualEffectGraphs":true,"m_FxEnabled":true},"in2DMode":false,"pivot":{"x":-0.5561068058013916,"y":-1.5597679615020753,"z":0.6416548490524292},"rotation":{"x":0.23393923044204713,"y":-0.6368501782417297,"z":0.21175487339496613,"w":0.7035924792289734},"size":4.770969867706299,"orthographic":false}