{"cameraMode":{"drawMode":0,"name":"Shaded","section":"Shading Mode"},"sceneLighting":false,"audioPlay":false,"sceneViewState":{"m_AlwaysRefresh":false,"showFog":true,"showSkybox":false,"showFlares":true,"showImageEffects":true,"showParticleSystems":true,"showVisualEffectGraphs":true,"m_FxEnabled":true},"in2DMode":false,"pivot":{"x":-5.960464477539063e-8,"y":0.03250002861022949,"z":0.14500010013580323},"rotation":{"x":0.03304938226938248,"y":-0.9652228951454163,"z":0.21955041587352754,"w":0.14078928530216218},"size":1.3641595840454102,"orthographic":false}