{"cameraMode":{"drawMode":0,"name":"Shaded","section":"Shading Mode"},"sceneLighting":false,"audioPlay":false,"sceneViewState":{"m_AlwaysRefresh":false,"showFog":true,"showSkybox":false,"showFlares":true,"showImageEffects":true,"showParticleSystems":true,"showVisualEffectGraphs":true,"m_FxEnabled":true},"in2DMode":false,"pivot":{"x":-1.2135066986083985,"y":3.5626955032348635,"z":-1.3561818599700928},"rotation":{"x":0.23835833370685578,"y":-0.6325926780700684,"z":0.21373306214809419,"w":0.7056020498275757},"size":5.435082912445068,"orthographic":false}