{"cameraMode":{"drawMode":0,"name":"Shaded","section":"Shading Mode"},"sceneLighting":false,"audioPlay":false,"sceneViewState":{"m_AlwaysRefresh":false,"showFog":true,"showSkybox":false,"showFlares":true,"showImageEffects":true,"showParticleSystems":true,"showVisualEffectGraphs":true,"m_FxEnabled":true},"in2DMode":false,"pivot":{"x":-0.00046184659004211426,"y":0.4663814604282379,"z":0.007545053958892822},"rotation":{"x":0.2278611809015274,"y":-0.7177544832229614,"z":0.27246370911598208,"w":0.599404513835907},"size":0.6718363761901856,"orthographic":false}