{"cameraMode":{"drawMode":0,"name":"Shaded","section":"Shading Mode"},"sceneLighting":false,"audioPlay":false,"sceneViewState":{"m_AlwaysRefresh":false,"showFog":true,"showSkybox":false,"showFlares":true,"showImageEffects":true,"showParticleSystems":true,"showVisualEffectGraphs":true,"m_FxEnabled":true},"in2DMode":false,"pivot":{"x":0.02175852656364441,"y":-0.023100733757019044,"z":0.40125155448913576},"rotation":{"x":-0.1817614883184433,"y":0.04958222061395645,"z":-0.009350483305752278,"w":-0.9821768403053284},"size":1.8612914085388184,"orthographic":false}