{"cameraMode":{"drawMode":0,"name":"Shaded","section":"Shading Mode"},"sceneLighting":false,"audioPlay":false,"sceneViewState":{"m_AlwaysRefresh":false,"showFog":true,"showSkybox":false,"showFlares":true,"showImageEffects":true,"showParticleSystems":true,"showVisualEffectGraphs":true,"m_FxEnabled":true},"in2DMode":false,"pivot":{"x":-0.7103140354156494,"y":0.3110337257385254,"z":-1.2518922090530396},"rotation":{"x":-0.004922208376228809,"y":-0.9953052997589111,"z":0.06277850270271301,"w":-0.0767117589712143},"size":1.6370073556900025,"orthographic":false}