{"cameraMode":{"drawMode":0,"name":"Shaded","section":"Shading Mode"},"sceneLighting":false,"audioPlay":false,"sceneViewState":{"m_AlwaysRefresh":false,"showFog":true,"showSkybox":false,"showFlares":true,"showImageEffects":true,"showParticleSystems":true,"showVisualEffectGraphs":true,"m_FxEnabled":true},"in2DMode":false,"pivot":{"x":-0.2633383274078369,"y":-1.8336992263793946,"z":1.1407575607299805},"rotation":{"x":0.32082220911979678,"y":-0.0942472591996193,"z":0.032104477286338809,"w":0.9421814680099487},"size":8.337674140930176,"orthographic":false}