{"cameraMode":{"drawMode":0,"name":"Shaded","section":"Shading Mode"},"sceneLighting":false,"audioPlay":false,"sceneViewState":{"m_AlwaysRefresh":false,"showFog":true,"showSkybox":false,"showFlares":true,"showImageEffects":true,"showParticleSystems":true,"showVisualEffectGraphs":true,"m_FxEnabled":true},"in2DMode":false,"pivot":{"x":0.2736577093601227,"y":0.18750207126140595,"z":0.06471448391675949},"rotation":{"x":0.17591345310211183,"y":0.5256807804107666,"z":-0.1130891889333725,"w":0.8250399827957153},"size":1.7240455150604249,"orthographic":false}