{"cameraMode":{"drawMode":0,"name":"Shaded","section":"Shading Mode"},"sceneLighting":false,"audioPlay":false,"sceneViewState":{"m_AlwaysRefresh":false,"showFog":true,"showSkybox":false,"showFlares":true,"showImageEffects":true,"showParticleSystems":true,"showVisualEffectGraphs":true,"m_FxEnabled":true},"in2DMode":false,"pivot":{"x":-0.03236261010169983,"y":0.3201468586921692,"z":-0.8557888865470886},"rotation":{"x":0.00006411103095160797,"y":-0.9917758107185364,"z":0.1298614889383316,"w":0.0010741653386503459},"size":1.5670908689498902,"orthographic":false}