{"cameraMode":{"drawMode":0,"name":"Shaded","section":"Shading Mode"},"sceneLighting":false,"audioPlay":false,"sceneViewState":{"m_AlwaysRefresh":false,"showFog":true,"showSkybox":false,"showFlares":true,"showImageEffects":true,"showParticleSystems":true,"showVisualEffectGraphs":true,"m_FxEnabled":true},"in2DMode":false,"pivot":{"x":-10.468253135681153,"y":-12.453792572021485,"z":-0.48273324966430666},"rotation":{"x":0.08135700225830078,"y":-0.8939990401268005,"z":0.1810378134250641,"w":0.4017932415008545},"size":1.1664707660675049,"orthographic":false}