{"cameraMode":{"drawMode":0,"name":"Shaded","section":"Shading Mode"},"sceneLighting":false,"audioPlay":false,"sceneViewState":{"m_AlwaysRefresh":false,"showFog":true,"showSkybox":false,"showFlares":true,"showImageEffects":true,"showParticleSystems":true,"showVisualEffectGraphs":true,"m_FxEnabled":true},"in2DMode":false,"pivot":{"x":0.8804774284362793,"y":0.7264342308044434,"z":-0.7192376255989075},"rotation":{"x":0.21768616139888764,"y":0.6248210668563843,"z":-0.18700091540813447,"w":0.7264529466629028},"size":2.7817296981811525,"orthographic":false}