{"cameraMode":{"drawMode":0,"name":"Shaded","section":"Shading Mode"},"sceneLighting":false,"audioPlay":false,"sceneViewState":{"m_AlwaysRefresh":false,"showFog":true,"showSkybox":false,"showFlares":true,"showImageEffects":true,"showParticleSystems":true,"showVisualEffectGraphs":true,"m_FxEnabled":true},"in2DMode":false,"pivot":{"x":4.234487533569336,"y":1.8429431915283204,"z":2.2039031982421877},"rotation":{"x":0.35075390338897707,"y":-0.16410286724567414,"z":0.06259922683238983,"w":0.9201470613479614},"size":6.036463260650635,"orthographic":false}