{"cameraMode":{"drawMode":0,"name":"Shaded","section":"Shading Mode"},"sceneLighting":false,"audioPlay":false,"sceneViewState":{"m_AlwaysRefresh":false,"showFog":true,"showSkybox":false,"showFlares":true,"showImageEffects":true,"showParticleSystems":true,"showVisualEffectGraphs":true,"m_FxEnabled":true},"in2DMode":false,"pivot":{"x":-0.8411195278167725,"y":2.0009841918945314,"z":0.8680159449577332},"rotation":{"x":-0.15173447132110597,"y":0.7445417046546936,"z":-0.18078351020812989,"w":-0.6249415874481201},"size":1.5321111679077149,"orthographic":false}