{"cameraMode":{"drawMode":0,"name":"Shaded","section":"Shading Mode"},"sceneLighting":false,"audioPlay":false,"sceneViewState":{"m_AlwaysRefresh":false,"showFog":true,"showSkybox":false,"showFlares":true,"showImageEffects":true,"showParticleSystems":true,"showVisualEffectGraphs":true,"m_FxEnabled":true},"in2DMode":false,"pivot":{"x":-5.960464477539063e-8,"y":-0.2199999988079071,"z":1.1920928955078126e-7},"rotation":{"x":0.09635757654905319,"y":-0.8583662509918213,"z":0.17225638031959535,"w":0.47436437010765078},"size":1.0643928050994874,"orthographic":false}