{"cameraMode":{"drawMode":0,"name":"Shaded","section":"Shading Mode"},"sceneLighting":false,"audioPlay":false,"sceneViewState":{"m_AlwaysRefresh":false,"showFog":true,"showSkybox":false,"showFlares":true,"showImageEffects":true,"showParticleSystems":true,"showVisualEffectGraphs":true,"m_FxEnabled":true},"in2DMode":false,"pivot":{"x":0.7426002025604248,"y":2.101119041442871,"z":0.8778586983680725},"rotation":{"x":0.5450020432472229,"y":0.025144679471850396,"z":-0.016249701380729677,"w":0.8380505442619324},"size":9.03599739074707,"orthographic":false}