{"cameraMode":{"drawMode":0,"name":"Shaded","section":"Shading Mode"},"sceneLighting":false,"audioPlay":false,"sceneViewState":{"m_AlwaysRefresh":false,"showFog":true,"showSkybox":false,"showFlares":true,"showImageEffects":true,"showParticleSystems":true,"showVisualEffectGraphs":true,"m_FxEnabled":true},"in2DMode":false,"pivot":{"x":-3.5762786865234377e-7,"y":0.8992705345153809,"z":0.00107496976852417},"rotation":{"x":0.2278611809015274,"y":-0.7177544832229614,"z":0.27246370911598208,"w":0.599404513835907},"size":1.0090299844741822,"orthographic":false}