{"cameraMode":{"drawMode":0,"name":"Shaded","section":"Shading Mode"},"sceneLighting":false,"audioPlay":false,"sceneViewState":{"m_AlwaysRefresh":false,"showFog":true,"showSkybox":false,"showFlares":true,"showImageEffects":true,"showParticleSystems":true,"showVisualEffectGraphs":true,"m_FxEnabled":true},"in2DMode":false,"pivot":{"x":-0.041256342083215716,"y":0.06942891329526901,"z":0.12864045798778535},"rotation":{"x":0.10119152069091797,"y":-0.7753934264183044,"z":0.12793336808681489,"w":0.6105509400367737},"size":0.2204889953136444,"orthographic":false}