{"cameraMode":{"drawMode":0,"name":"Shaded","section":"Shading Mode"},"sceneLighting":false,"audioPlay":false,"sceneViewState":{"m_AlwaysRefresh":false,"showFog":true,"showSkybox":false,"showFlares":true,"showImageEffects":true,"showParticleSystems":true,"showVisualEffectGraphs":true,"m_FxEnabled":true},"in2DMode":false,"pivot":{"x":0.11620622873306275,"y":0.38749510049819949,"z":-0.2386537492275238},"rotation":{"x":-0.04533381760120392,"y":0.9469148516654968,"z":-0.27989426255226138,"w":-0.1534881740808487},"size":0.9729949235916138,"orthographic":false}