{"cameraMode":{"drawMode":0,"name":"Shaded","section":"Shading Mode"},"sceneLighting":false,"audioPlay":false,"sceneViewState":{"m_AlwaysRefresh":false,"showFog":true,"showSkybox":false,"showFlares":true,"showImageEffects":true,"showParticleSystems":true,"showVisualEffectGraphs":true,"m_FxEnabled":true},"in2DMode":false,"pivot":{"x":0.000031948089599609375,"y":0.34928739070892336,"z":0.0007932186126708984},"rotation":{"x":-0.41088318824768069,"y":0.424786776304245,"z":-0.2256757616996765,"w":-0.7747377753257752},"size":1.4345370531082154,"orthographic":false}