{"cameraMode":{"drawMode":0,"name":"Shaded","section":"Shading Mode"},"sceneLighting":false,"audioPlay":false,"sceneViewState":{"m_AlwaysRefresh":false,"showFog":true,"showSkybox":false,"showFlares":true,"showImageEffects":true,"showParticleSystems":true,"showVisualEffectGraphs":true,"m_FxEnabled":true},"in2DMode":false,"pivot":{"x":14.72087287902832,"y":11.785240173339844,"z":0.9878730773925781},"rotation":{"x":0.016170864924788476,"y":-0.056480567902326587,"z":0.0009837440447881818,"w":0.9985399842262268},"size":11.726038932800293,"orthographic":false}