{"cameraMode":{"drawMode":0,"name":"Shaded","section":"Shading Mode"},"sceneLighting":false,"audioPlay":false,"sceneViewState":{"m_AlwaysRefresh":false,"showFog":true,"showSkybox":false,"showFlares":true,"showImageEffects":true,"showParticleSystems":true,"showVisualEffectGraphs":true,"m_FxEnabled":true},"in2DMode":false,"pivot":{"x":-0.005146801471710205,"y":0.6392635107040405,"z":0.0005622208118438721},"rotation":{"x":0.2278611809015274,"y":-0.7177544832229614,"z":0.27246370911598208,"w":0.599404513835907},"size":0.8427017331123352,"orthographic":false}